用户名,邮箱,密码
tianhuiai20001,tianhuiai20001@example.com,qI7oxladBV
tianhuiai20002,tianhuiai20002@example.com,j1rHG8g8fH
tianhuiai20003,tianhuiai20003@example.com,4zNomMYK20
tianhuiai20004,tianhuiai20004@example.com,mMo4KkI6Mb
tianhuiai20005,tianhuiai20005@example.com,yJc6dX9z6l
tianhuiai20006,tianhuiai20006@example.com,7pVpKhExd9
tianhuiai20007,tianhuiai20007@example.com,SS64Pe8zxV
tianhuiai20008,tianhuiai20008@example.com,Wp0B2qQ67a
tianhuiai20009,tianhuiai20009@example.com,LLjvsNut81
tianhuiai20010,tianhuiai20010@example.com,Yr1fP7812d
tianhuiai20011,tianhuiai20011@example.com,xMM98okroz
tianhuiai20012,tianhuiai20012@example.com,Q3zvnGfGB9
tianhuiai20013,tianhuiai20013@example.com,1RqFGcjfnb
tianhuiai20014,tianhuiai20014@example.com,3s6tRQG0Bf
tianhuiai20015,tianhuiai20015@example.com,yYs3Sv17fJ
tianhuiai20016,tianhuiai20016@example.com,h0fUPet0Rq
tianhuiai20017,tianhuiai20017@example.com,ZeKLIyScE9
tianhuiai20018,tianhuiai20018@example.com,fCnia6G9ME
tianhuiai20019,tianhuiai20019@example.com,H4Qoy9ShSY
tianhuiai20020,tianhuiai20020@example.com,CqnL30vXwS
tianhuiai20021,tianhuiai20021@example.com,cODGa0smZR
tianhuiai20022,tianhuiai20022@example.com,M52RNLcB7i
tianhuiai20023,tianhuiai20023@example.com,5CDBSpzfMY
tianhuiai20024,tianhuiai20024@example.com,Ok7T79aSND
tianhuiai20025,tianhuiai20025@example.com,s5qnR5M2PV
tianhuiai20026,tianhuiai20026@example.com,sSsgMOzYb6
tianhuiai20027,tianhuiai20027@example.com,E5KroMn4uV
tianhuiai20028,tianhuiai20028@example.com,amMZx2SaBR
tianhuiai20029,tianhuiai20029@example.com,4Mb4o90jTI
tianhuiai20030,tianhuiai20030@example.com,ZAURdiDDb2
tianhuiai20031,tianhuiai20031@example.com,6hpY2aZ2Kq
tianhuiai20032,tianhuiai20032@example.com,gvoKFAz09Q
tianhuiai20033,tianhuiai20033@example.com,XKJ80gSj2P
tianhuiai20034,tianhuiai20034@example.com,y4aT3qwxlZ
tianhuiai20035,tianhuiai20035@example.com,4NZS2xvOsC
tianhuiai20036,tianhuiai20036@example.com,8C0fcjEKOu
tianhuiai20037,tianhuiai20037@example.com,KZKXEPet2c
tianhuiai20038,tianhuiai20038@example.com,Dv8N1YCBNP
tianhuiai20039,tianhuiai20039@example.com,v5U9dRWtFi
tianhuiai20040,tianhuiai20040@example.com,1rMu1TdrU7
tianhuiai20041,tianhuiai20041@example.com,y7jSpDBIv5
tianhuiai20042,tianhuiai20042@example.com,Q74YFNaC4f
tianhuiai20043,tianhuiai20043@example.com,tHs0g4QuAo
tianhuiai20044,tianhuiai20044@example.com,JMe1rs8VZy
tianhuiai20045,tianhuiai20045@example.com,PsfAtv6KUC
tianhuiai20046,tianhuiai20046@example.com,dJolj9wK9H
tianhuiai20047,tianhuiai20047@example.com,LVg1GrvTpC
tianhuiai20048,tianhuiai20048@example.com,L9NhA5Pjhs
tianhuiai20049,tianhuiai20049@example.com,koaYX7qFTw
tianhuiai20050,tianhuiai20050@example.com,AYYNM7c47L
tianhuiai20051,tianhuiai20051@example.com,Z5bCoVJ5nE
tianhuiai20052,tianhuiai20052@example.com,diYyYlw4i1
tianhuiai20053,tianhuiai20053@example.com,rksrKSeQ78
tianhuiai20054,tianhuiai20054@example.com,swGfaPmBX8
tianhuiai20055,tianhuiai20055@example.com,6jkdV5EmXr
tianhuiai20056,tianhuiai20056@example.com,4MwxBhwlMK
tianhuiai20057,tianhuiai20057@example.com,rvffN3mefP
tianhuiai20058,tianhuiai20058@example.com,o474gkcEFH
tianhuiai20059,tianhuiai20059@example.com,j1oUt65PKA
tianhuiai20060,tianhuiai20060@example.com,uIuNWV4Hhr
tianhuiai20061,tianhuiai20061@example.com,Tq4w7uLmm5
tianhuiai20062,tianhuiai20062@example.com,I29ruEATqQ
tianhuiai20063,tianhuiai20063@example.com,GmbYTcv8h0
tianhuiai20064,tianhuiai20064@example.com,vmnO4Q2dbz
tianhuiai20065,tianhuiai20065@example.com,R3oOnyx42i
tianhuiai20066,tianhuiai20066@example.com,Zg6ZN7dPtV
tianhuiai20067,tianhuiai20067@example.com,nr1Rsw0Ysi
tianhuiai20068,tianhuiai20068@example.com,as193fcgxD
tianhuiai20069,tianhuiai20069@example.com,Ox50gXOwZS
tianhuiai20070,tianhuiai20070@example.com,yfLl2DvbeZ
tianhuiai20071,tianhuiai20071@example.com,TdegQ5HqnQ
tianhuiai20072,tianhuiai20072@example.com,2ZM45iJH44
tianhuiai20073,tianhuiai20073@example.com,p5YSD671kf
tianhuiai20074,tianhuiai20074@example.com,5b8Zj0WDvE
tianhuiai20075,tianhuiai20075@example.com,YDNkjgCMA0
tianhuiai20076,tianhuiai20076@example.com,IlxKi3QWsP
tianhuiai20077,tianhuiai20077@example.com,tfUypS9s0U
tianhuiai20078,tianhuiai20078@example.com,l40DmQRu6L
tianhuiai20079,tianhuiai20079@example.com,5iTgfHTiWI
tianhuiai20080,tianhuiai20080@example.com,9PyMak9x88
tianhuiai20081,tianhuiai20081@example.com,I1lRrC0W2x
tianhuiai20082,tianhuiai20082@example.com,WIv2wtkMvf
tianhuiai20083,tianhuiai20083@example.com,nIH04q1Ab0
tianhuiai20084,tianhuiai20084@example.com,c5YHZVV3KU
tianhuiai20085,tianhuiai20085@example.com,rmUoWc2jxm
tianhuiai20086,tianhuiai20086@example.com,LcLqojK13z
tianhuiai20087,tianhuiai20087@example.com,0vCHzSpgrj
tianhuiai20088,tianhuiai20088@example.com,51TRWn9Hir
tianhuiai20089,tianhuiai20089@example.com,xwC93UQD48
tianhuiai20090,tianhuiai20090@example.com,NSPZ3egB5N
tianhuiai20091,tianhuiai20091@example.com,BPVqrVdW1u
tianhuiai20092,tianhuiai20092@example.com,Zn4RTuWiKa
tianhuiai20093,tianhuiai20093@example.com,asoMyRaz3H
tianhuiai20094,tianhuiai20094@example.com,pqLiaJJ3ma
tianhuiai20095,tianhuiai20095@example.com,hcPxPWXm0T
tianhuiai20096,tianhuiai20096@example.com,UM05OkdS7S
tianhuiai20097,tianhuiai20097@example.com,89HrfBHP9J
tianhuiai20098,tianhuiai20098@example.com,fK0j0puFsz
tianhuiai20099,tianhuiai20099@example.com,yVZvukOB73
tianhuiai20100,tianhuiai20100@example.com,d99dwBsQXs
